ID,Country_Id,Name,ISO_2,ISO_3,Lat,Lon,Population,ID_worldometers,Density(P/Km2),Land Area(Km2),Fert.Rate,Med.Age,UrbanPop,WorldShare
0,4,Afghanistan,AF,AFG,33.93911,67.709953,38928346,37,60,652860,4.6,18,0.25,0.005
1,8,Albania,AL,ALB,41.153332,20.168331,2877797,140,105,27400,1.6,36,0.63,0.0004
2,12,Algeria,DZ,DZA,28.033886,1.659626,43851044,33,18,2381740,3.1,29,0.73,0.0056
3,16,American Samoa,AS,ASM,-14.270972,-170.132217,55191,210,276,200,,,0.88,0
4,20,Andorra,AD,AND,42.506285,1.521801,77265,203,164,470,,,0.88,0
5,24,Angola,AO,AGO,-11.202692,17.873887,32866272,44,26,1246700,5.6,17,0.67,0.0042
6,660,Anguilla,AI,AIA,18.220554,-63.068615,15003,224,167,90,,,,0
7,10,Antarctica,AQ,ATA,-82.862752,135,,,,,,,,
8,28,Antigua and Barbuda,AG,ATG,17.060816,-61.796428,97929,201,223,440,2,34,0.26,0
9,32,Argentina,AR,ARG,-38.416097,-63.616672,45195774,32,17,2736690,2.3,32,0.93,0.0058
10,51,Armenia,AM,ARM,40.069099,45.038189,2963243,137,104,28470,1.8,35,0.63,0.0004
11,533,Aruba,AW,ABW,12.52111,-69.968338,106766,197,593,180,1.9,41,0.44,0
12,36,Australia,AU,AUS,-25.274398,133.775136,25499884,55,3,7682300,1.8,38,0.86,0.0033
13,40,Austria,AT,AUT,47.516231,14.550072,9006398,97,109,82409,1.5,43,0.57,0.0012
14,31,Azerbaijan,AZ,AZE,40.143105,47.576927,10139177,90,123,82658,2.1,32,0.56,0.0013
15,44,Bahamas (the),BS,BHS,25.03428,-77.39628,393244,178,39,10010,1.8,32,0.86,0.0001
16,48,Bahrain,BH,BHR,26.0667,50.5577,1701575,152,2239,760,2,32,0.89,0.0002
17,50,Bangladesh,BD,BGD,23.684994,90.356331,164689383,8,1265,130170,2.1,28,0.39,0.0211
18,52,Barbados,BB,BRB,13.193887,-59.543198,287375,183,668,430,1.6,40,0.31,0
19,112,Belarus,BY,BLR,53.709807,27.953389,9449323,96,47,202910,1.7,40,0.79,0.0012
20,56,Belgium,BE,BEL,50.503887,4.469936,11589623,81,383,30280,1.7,42,0.98,0.0015
21,84,Belize,BZ,BLZ,17.189877,-88.49765,397628,177,17,22810,2.3,25,0.46,0.0001
22,204,Benin,BJ,BEN,9.30769,2.315834,12123200,77,108,112760,4.9,19,0.48,0.0016
23,60,Bermuda,BM,BMU,32.3078,-64.7505,62278,206,1246,50,,,0.97,0
24,64,Bhutan,BT,BTN,27.514162,90.433601,771608,165,20,38117,2,28,0.46,0.0001
25,68,Bolivia (Plurinational State of),BO,BOL,-16.290154,-63.588653,11673021,80,11,1083300,2.8,26,0.69,0.0015
26,535,"Bonaire, Sint Eustatius and Saba",BQ,BES,12.1783611,-68.2385339,25157,,,328,,,,
27,70,Bosnia and Herzegovina,BA,BIH,43.915886,17.679076,3280819,135,64,51000,1.3,43,0.52,0.0004
28,72,Botswana,BW,BWA,-22.328474,24.684866,2351627,145,4,566730,2.9,24,0.73,0.0003
29,74,Bouvet Island,BV,BVT,-54.4207915,3.3464497,,,,,,,,
30,76,Brazil,BR,BRA,-14.235004,-51.92528,212559417,6,25,8358140,1.7,33,0.88,0.0273
31,86,British Indian Ocean Territory (the),IO,IOT,-6.343194,71.876519,,,,,,,,
32,96,Brunei Darussalam,BN,BRN,4.535277,114.727669,437479,175,83,5270,1.8,32,0.8,0.0001
33,100,Bulgaria,BG,BGR,42.733883,25.48583,6948445,107,64,108560,1.6,45,0.76,0.0009
34,854,Burkina Faso,BF,BFA,12.238333,-1.561593,20903273,59,76,273600,5.2,18,0.31,0.0027
35,108,Burundi,BI,BDI,-3.373056,29.918886,11890784,78,463,25680,5.5,17,0.14,0.0015
36,132,Cabo Verde,CV,CPV,16.5388,-23.0418,555987,172,138,4030,2.3,28,0.68,0.0001
37,116,Cambodia,KH,KHM,12.565679,104.990963,16718965,71,95,176520,2.5,26,0.24,0.0021
38,120,Cameroon,CM,CMR,7.369722,12.354722,26545863,52,56,472710,4.6,19,0.56,0.0034
39,124,Canada,CA,CAN,56.130366,-106.346771,37742154,39,4,9093510,1.5,41,0.81,0.0048
40,136,Cayman Islands (the),KY,CYM,19.3133,-81.2546,65722,205,274,240,,,0.97,0
41,140,Central African Republic (the),CF,CAF,6.611111,20.939444,4829767,125,8,622980,4.8,18,0.43,0.0006
42,148,Chad,TD,TCD,15.454166,18.732207,16425864,72,13,1259200,5.8,17,0.23,0.0021
43,152,Chile,CL,CHL,-35.675147,-71.542969,19116201,63,26,743532,1.7,35,0.85,0.0025
44,156,China,CN,CHN,35.86166,104.195397,1439323776,1,153,9388211,1.7,38,0.61,0.1847
45,162,Christmas Island,CX,CXR,-10.447525,105.690449,,,,,,,,
46,166,Cocos (Keeling) Islands (the),CC,CCK,-12.164165,96.870956,,,,,,,,
47,170,Colombia,CO,COL,4.570868,-74.297333,50882891,29,46,1109500,1.8,31,0.8,0.0065
48,174,Comoros (the),KM,COM,-11.6455,43.3333,869601,163,467,1861,4.2,20,0.29,0.0001
49,180,Congo (the Democratic Republic of the),CD,COD,-4.038333,21.758664,89561403,16,40,2267050,6,17,0.46,0.0115
50,178,Congo (the),CG,COG,-4.038333,21.758664,12952218,117,16,341500,4.5,19,0.7,0.0007
51,184,Cook Islands (the),CK,COK,-21.236736,-159.777671,17564,223,73,240,,,0.75,0
52,188,Costa Rica,CR,CRI,9.748917,-83.753428,5094118,122,100,51060,1.8,33,0.8,0.0007
53,191,Croatia,HR,HRV,45.1,15.2000001,4105267,130,73,55960,1.4,44,0.58,0.0005
54,192,Cuba,CU,CUB,21.521757,-77.781167,11326616,83,106,106440,1.6,42,0.78,0.0015
55,531,Curacao,CW,CUW,12.16957,-68.99002,97338579,192,370,444,1.8,42,0.89,0
56,196,Cyprus,CY,CYP,35.126413,33.429859,1207359,158,131,9240,1.3,37,0.67,0.0002
57,203,Czechia,CZ,CZE,49.817492,15.472962,10708981,86,139,77240,1.6,43,0.74,0.0014
58,384,Ivory Coast,CI,CIV,7.539989,-5.54708,23740424,,,322463,,,,
59,208,Denmark,DK,DNK,56.26392,9.501785,5792202,115,137,42430,1.8,42,0.88,0.0007
60,262,Djibouti,DJ,DJI,11.825138,42.590275,988000,160,43,23180,2.8,27,0.79,0.0001
61,212,Dominica,DM,DMA,15.414999,-61.370976,71986,204,96,750,,,0.74,0
62,214,Dominican Republic (the),DO,DOM,18.735693,-70.162651,10847910,85,225,48320,2.4,28,0.85,0.0014
63,218,Ecuador,EC,ECU,-1.831239,-78.183406,17643054,67,71,248360,2.4,28,0.63,0.0023
64,818,Egypt,EG,EGY,26.820553,30.802498,102334404,14,103,995450,3.3,25,0.43,0.0131
65,222,El Salvador,SV,SLV,13.794185,-88.89653,6486205,112,313,20720,2.1,28,0.73,0.0008
66,226,Equatorial Guinea,GQ,GNQ,1.650801,10.267895,1402985,153,50,28050,4.6,22,0.73,0.0002
67,232,Eritrea,ER,ERI,15.179384,39.782334,3546421,133,35,101000,4.1,19,0.63,0.0005
68,233,Estonia,EE,EST,58.595272,25.0136071,1326535,155,31,42390,1.6,42,0.68,0.0002
69,748,Eswatini,SZ,SWZ,-26.522503,31.465866,1160164,159,67,17200,3,21,0.3,0.0001
70,231,Ethiopia,ET,ETH,9.145,40.489673,114963588,12,115,1000000,4.3,19,0.21,0.0147
71,238,Falkland Islands (the) [Malvinas],FK,FLK,-51.796253,-59.523613,3480,232,0,12170,,,0.66,0
72,234,Faroe Islands (the),FO,FRO,61.892635,-6.9118061,,,,,,,,
73,242,Fiji,FJ,FJI,-17.713371,178.065032,896445,161,49,18270,2.8,28,0.59,0.0001
74,246,Finland,FI,FIN,61.92411,25.7481511,5540720,116,18,303890,1.5,43,0.86,0.0007
75,250,France,FR,FRA,46.227638,2.213749,65273511,22,119,547557,1.9,42,0.82,0.0084
76,254,French Guiana,GF,GUF,3.933889,-53.125782,298682,182,4,82200,3.4,25,0.87,0
77,258,French Polynesia,PF,PYF,-17.679742,-149.406843,280908,185,77,3660,2,34,0.64,0
78,260,French Southern Territories (the),TF,ATF,-49.280366,69.3485571,,,,,,,,
79,266,Gabon,GA,GAB,-0.803689,11.609444,2225734,146,9,257670,4,23,0.87,0.0003
80,270,Gambia (the),GM,GMB,13.443182,-15.310139,2416668,144,239,10120,5.3,18,0.59,0.0003
81,268,Georgia,GE,GEO,32.1656221,-82.9000751,3989167,132,57,69490,2.1,38,0.58,0.0005
82,276,Germany,DE,DEU,51.165691,10.451526,83783942,19,240,348560,1.6,46,0.76,0.0107
83,288,Ghana,GH,GHA,7.946527,-1.023194,31072940,47,137,227540,3.9,22,0.57,0.004
84,292,Gibraltar,GI,GIB,36.140751,-5.353585,33691,219,3369,10,,,,0
85,300,Greece,GR,GRC,39.074208,21.824312,10423054,87,81,128900,1.3,46,0.85,0.0013
86,304,Greenland,GL,GRL,71.706936,-42.604303,56770,209,0,410450,,,0.87,0
87,308,Grenada,GD,GRD,12.1165,-61.679,112523,195,331,340,2.1,32,0.35,0
88,312,Guadeloupe,GP,GLP,16.265,-61.551,400124,176,237,1690,2.2,44,,0.0001
89,316,Guam,GU,GUM,13.444304,144.793731,168775,191,313,540,2.3,31,0.95,0
90,320,Guatemala,GT,GTM,15.783471,-90.230759,17915568,66,167,107160,2.9,23,0.52,0.0023
91,831,Guernsey,GG,GGY,49.4481982,-2.58949,,,,,,,,
92,324,Guinea,GN,GIN,9.945587,-9.696645,13132795,75,53,245720,4.7,18,0.39,0.0017
93,624,Guinea-Bissau,GW,GNB,11.803749,-15.180413,1968001,150,70,28120,4.5,19,0.45,0.0003
94,328,Guyana,GY,GUY,4.860416,-58.93018,786552,164,4,196850,2.5,27,0.27,0.0001
95,332,Haiti,HT,HTI,18.971187,-72.285215,11402528,82,414,27560,3,24,0.57,0.0015
96,334,Heard Island and McDonald Islands,HM,HMD,-53.08181,73.504158,,,,,,,,
97,336,Holy See (the),VA,VAT,40.7508663,-73.9799667,801,235,2003,0,,,,0
98,340,Honduras,HN,HND,15.199999,-86.241905,9904607,92,89,111890,2.5,24,0.57,0.0013
99,344,Hong Kong,HK,HKG,22.3193039,114.1693611,7496981,104,7140,1050,1.3,45,,0.001
100,348,Hungary,HU,HUN,47.162494,19.5033041,9660351,94,107,90530,1.5,43,0.72,0.0012
101,352,Iceland,IS,ISL,64.963051,-19.020835,341243,180,3,100250,1.8,37,0.94,0
102,356,India,IN,IND,20.593684,78.96288,1380004385,2,464,2973190,2.2,28,0.35,0.177
103,360,Indonesia,ID,IDN,-0.789275,113.921327,273523615,4,151,1811570,2.3,30,0.56,0.0351
104,364,Iran (Islamic Republic of),IR,IRN,32.427908,53.688046,83992949,18,52,1628550,2.2,32,0.76,0.0108
105,368,Iraq,IQ,IRQ,33.223191,43.679291,40222493,36,93,434320,3.7,21,0.73,0.0052
106,372,Ireland,IE,IRL,53.1423672,-7.6920536,4937786,124,72,68890,1.8,38,0.63,0.0006
107,833,Isle of Man,IM,IMN,54.236107,-4.548056,85033,202,149,570,,,0.53,0
108,376,Israel,IL,ISR,31.046051,34.851612,8655535,100,400,21640,3,30,0.93,0.0011
109,380,Italy,IT,ITA,41.87194,12.56738,60461826,23,206,294140,1.3,47,0.69,0.0078
110,388,Jamaica,JM,JAM,18.109581,-77.297508,2961167,138,273,10830,2,31,0.55,0.0004
111,392,Japan,JP,JPN,36.204824,138.252924,126476461,11,347,364555,1.4,48,0.92,0.0162
112,832,Jersey,JE,JEY,49.214439,-2.13125,,,,,,,,
113,400,Jordan,JO,JOR,30.585164,36.238414,10203134,88,115,88780,2.8,24,0.91,0.0013
114,398,Kazakhstan,KZ,KAZ,48.019573,66.923684,18776707,64,7,2699700,2.8,31,0.58,0.0024
115,404,Kenya,KE,KEN,-0.023559,37.906193,53771296,27,94,569140,3.5,20,0.28,0.0069
116,296,Kiribati,KI,KIR,-3.370417,-168.734039,119449,193,147,810,3.6,23,0.57,0
117,408,Korea (the Democratic People's Republic of),KP,PRK,40.339852,127.510093,43851044,54,214,120410,1.9,35,0.63,0.0033
118,410,Korea (the Republic of),KR,KOR,32.9361944,-96.8232058,51269185,28,527,97230,1.1,44,0.82,0.0066
119,414,Kuwait,KW,KWT,29.31166,47.481766,4270571,129,240,17820,2.1,37,,0.0005
120,417,Kyrgyzstan,KG,KGZ,41.20438,74.766098,6524195,111,34,191800,3,26,0.36,0.0008
121,418,Lao People's Democratic Republic (the),LA,LAO,19.85627,102.495496,,,,,,,,
122,428,Latvia,LV,LVA,56.879635,24.603189,1886198,151,30,62200,1.7,44,0.69,0.0002
123,422,Lebanon,LB,LBN,33.854721,35.862285,6825445,109,667,10230,2.1,30,0.78,0.0009
124,426,Lesotho,LS,LSO,-29.609988,28.233608,2142249,147,71,30360,3.2,24,0.31,0.0003
125,430,Liberia,LR,LBR,6.428055,-9.429499,5057681,123,53,96320,4.4,19,0.53,0.0006
126,434,Libya,LY,LBY,26.3351,17.228331,6871292,108,4,1759540,2.3,29,0.78,0.0009
127,438,Liechtenstein,LI,LIE,47.166,9.555373,38128,217,238,160,,,0.15,0
128,440,Lithuania,LT,LTU,55.169438,23.881275,2722289,142,43,62674,1.7,45,0.71,0.0003
129,442,Luxembourg,LU,LUX,49.815273,6.129583,625978,169,242,2590,1.5,40,0.88,0.0001
130,446,Macao,MO,MAC,22.198745,113.543873,649335,167,21645,30,1.2,39,,0.0001
131,450,Madagascar,MG,MDG,-18.766947,46.869107,27691018,51,48,581795,4.1,20,0.39,0.0036
132,454,Malawi,MW,MWI,-13.254308,34.301525,19129952,62,203,94280,4.3,18,0.18,0.0025
133,458,Malaysia,MY,MYS,4.210484,101.975766,32365999,45,99,328550,2,30,0.78,0.0042
134,462,Maldives,MV,MDV,3.202778,73.22068,540544,173,1802,300,1.9,30,0.35,0.0001
135,466,Mali,ML,MLI,17.570692,-3.996166,20250833,60,17,1220190,5.9,16,0.44,0.0026
136,470,Malta,MT,MLT,35.937496,14.375416,441543,174,1380,320,1.5,43,0.93,0.0001
137,584,Marshall Islands (the),MH,MHL,7.131474,171.184478,59190,207,329,180,,,0.7,0
138,474,Martinique,MQ,MTQ,14.641528,-61.024174,375265,179,354,1060,1.9,47,0.92,0
139,478,Mauritania,MR,MRT,21.00789,-10.940835,4649658,127,5,1030700,4.6,20,0.57,0.0006
140,480,Mauritius,MU,MUS,-20.348404,57.552152,1271768,157,626,2030,1.4,37,0.41,0.0002
141,175,Mayotte,YT,MYT,-12.8275,45.166244,272815,186,728,375,3.7,20,0.46,0
142,484,Mexico,MX,MEX,23.634501,-102.552784,128932753,10,66,1943950,2.1,29,0.84,0.0165
143,583,Micronesia (Federated States of),FM,FSM,7.425554,150.550812,115023,194,164,700,3.1,24,0.21,0
144,498,Moldova (the Republic of),MD,MDA,47.411631,28.369885,4033963,131,123,32850,1.3,38,0.43,0.0005
145,492,Monaco,MC,MCO,43.7384176,7.4246158,39242,214,26337,1,,,,0
146,496,Mongolia,MN,MNG,46.862496,103.846656,3278290,136,2,1553560,2.9,28,0.67,0.0004
147,499,Montenegro,ME,MNE,42.708678,19.37439,628066,168,47,13450,1.8,39,0.68,0.0001
148,500,Montserrat,MS,MSR,16.742498,-62.187366,4992,231,50,100,,,0.1,0
149,504,Morocco,MA,MAR,31.791702,-7.09262,36910560,40,83,446300,2.4,30,0.64,0.0047
150,508,Mozambique,MZ,MOZ,-18.665695,35.529562,31255435,46,40,786380,4.9,18,0.38,0.004
151,104,Myanmar,MM,MMR,21.916221,95.955974,54409800,26,83,653290,2.2,29,0.31,0.007
152,516,Namibia,,NAM,-22.95764,18.49041,2540905,143,3,823290,3.4,22,0.55,0.0003
153,520,Nauru,NR,NRU,-0.522778,166.931503,10824,227,541,20,,,,0
154,524,Nepal,NP,NPL,28.394857,84.124008,29136808,49,203,143350,1.9,25,0.21,0.0037
155,528,Netherlands (the),NL,NLD,52.132633,5.291266,17134872,69,508,33720,1.7,43,0.92,0.0022
156,540,New Caledonia,NC,NCL,-20.904305,165.618042,285498,184,16,18280,2,34,0.72,0
157,554,New Zealand,NZ,NZL,-40.900557,174.885971,4822233,126,18,263310,1.9,38,0.87,0.0006
158,558,Nicaragua,NI,NIC,12.865416,-85.207229,6624554,110,55,120340,2.4,26,0.57,0.0008
159,562,Niger (the),NE,NER,17.607789,8.081666,24206644,56,19,1266700,7,15,0.17,0.0031
160,566,Nigeria,NG,NGA,9.081999,8.675277,206139589,7,226,910770,5.4,18,0.52,0.0264
161,570,Niue,NU,NIU,-19.054445,-169.867233,1626,233,6,260,,,0.46,0
162,574,Norfolk Island,NF,NFK,-29.040835,167.954712,,,,,,,,
163,580,Northern Mariana Islands (the),MP,MNP,15.0979,145.6739,57559,208,125,460,,,0.88,0
164,578,Norway,NO,NOR,60.472024,8.468946,5421241,119,15,365268,1.7,40,0.83,0.0007
165,512,Oman,OM,OMN,21.4735329,55.975413,5106626,120,16,309500,2.9,31,0.87,0.0007
166,586,Pakistan,PK,PAK,30.375321,69.345116,220892340,5,287,770880,3.6,23,0.35,0.0283
167,585,Palau,PW,PLW,7.51498,134.58252,18094,222,39,460,,,,0
168,275,"Palestine, State of",PS,PSE,31.952162,35.233154,12952218,121,847,6020,3.7,21,0.8,0.0007
169,591,Panama,PA,PAN,8.537981,-80.782127,4314767,128,58,74340,2.5,30,0.68,0.0006
170,598,Papua New Guinea,PG,PNG,-6.314993,143.95555,8947024,98,20,452860,3.6,22,0.13,0.0011
171,600,Paraguay,PY,PRY,-23.442503,-58.443832,7132538,106,18,397300,2.4,26,0.62,0.0009
172,604,Peru,PE,PER,-9.189967,-75.015152,32971854,43,26,1280000,2.3,31,0.79,0.0042
173,608,Philippines (the),PH,PHL,12.879721,121.774017,109581078,13,368,298170,2.6,26,0.47,0.0141
174,612,Pitcairn,PN,PCN,-24.3767537,-128.3242376,,,,,,,,
175,616,Poland,PL,POL,51.919438,19.145136,37846611,38,124,306230,1.4,42,0.6,0.0049
176,620,Portugal,PT,PRT,39.399872,-8.224454,10196709,89,111,91590,1.3,46,0.66,0.0013
177,630,Puerto Rico,PR,PRI,18.220833,-66.590149,2860853,141,323,8870,1.2,44,,0.0004
178,634,Qatar,QA,QAT,25.354826,51.183884,2881053,139,248,11610,1.9,32,0.96,0.0004
179,807,Republic of North Macedonia,MK,MKD,41.608635,21.745275,12952218,148,83,25220,1.5,39,0.59,0.0003
180,642,Romania,RO,ROU,45.943161,24.96676,19237691,61,84,230170,1.6,43,0.55,0.0025
181,643,Russian Federation (the),RU,RUS,61.52401,105.318756,145934462,9,9,16376870,1.8,40,0.74,0.0187
182,646,Rwanda,RW,RWA,-1.940278,29.873888,12952218,76,525,24670,4.1,20,0.18,0.0017
183,638,Reunion,RE,REU,-21.115141,55.536384,,,,,,,,
184,652,Saint Barthelemy,BL,BLM,17.9,-62.833333,9877,228,470,21,,,0,0
185,654,"Saint Helena, Ascension and Tristan da Cunha",SH,SHN,-24.1434812,-10.0306945,6077,229,16,390,,,0.27,0
186,659,Saint Kitts and Nevis,KN,KNA,17.357822,-62.782998,53199,211,205,260,,,0.33,0
187,662,Saint Lucia,LC,LCA,13.909444,-60.978893,183627,189,301,610,1.4,34,0.19,0
188,663,Saint Martin (French part),MF,MAF,18.08255,-63.052251,38666,216,730,53,,,0,0
189,666,Saint Pierre and Miquelon,PM,SPM,46.8852,-56.3159,5794,230,25,230,,,1,0
190,670,Saint Vincent and the Grenadines,VC,VCT,12.984305,-61.287228,97338579,196,284,390,1.9,33,0.53,0
191,882,Samoa,WS,WSM,-13.759029,-172.104629,198414,188,70,2830,3.9,22,0.18,0
192,674,San Marino,SM,SMR,43.94236,12.457777,33931,218,566,60,,,0.97,0
193,678,Sao Tome and Principe,ST,STP,0.18636,6.613081,219159,187,228,960,4.4,19,0.74,0
194,682,Saudi Arabia,SA,SAU,23.885942,45.079162,34813871,41,16,2149690,2.3,32,0.84,0.0045
195,686,Senegal,SN,SEN,14.497401,-14.452362,16743927,70,87,192530,4.7,19,0.49,0.0021
196,688,Serbia,RS,SRB,44.016521,21.005859,8737371,99,100,87460,1.5,42,0.56,0.0011
197,690,Seychelles,SC,SYC,-4.679574,55.491977,98347,200,214,460,2.5,34,0.56,0
198,694,Sierra Leone,SL,SLE,8.460555,-11.779889,7976983,103,111,72180,4.3,19,0.43,0.001
199,702,Singapore,SG,SGP,1.352083,103.819836,5850342,114,8358,700,1.2,42,,0.0008
200,534,Sint Maarten (Dutch part),SX,SXM,18.04248,-63.05483,42876,213,1261,34,,,0.96,0
201,703,Slovakia,SK,SVK,48.669026,19.699024,5459642,118,114,48088,1.5,41,0.54,0.0007
202,705,Slovenia,SI,SVN,46.151241,14.995463,2078938,149,103,20140,1.6,45,0.55,0.0003
203,90,Solomon Islands,SB,SLB,-9.64571,160.156194,686884,166,25,27990,4.4,20,0.23,0.0001
204,706,Somalia,SO,SOM,5.152149,46.199616,15893222,73,25,627340,6.1,17,0.47,0.002
205,710,South Africa,ZA,ZAF,-30.559482,22.937506,59308690,25,49,1213090,2.4,28,0.67,0.0076
206,239,South Georgia and the South Sandwich Islands,GS,SGS,-54.429579,-36.587909,12952218,132,57,69490,2.1,38,0.58,0.0005
207,728,South Sudan,SS,SSD,6.8769919,31.3069788,11193725,84,18,610952,4.7,19,0.25,0.0014
208,724,Spain,ES,ESP,40.463667,-3.74922,46754778,30,94,498800,1.3,45,0.8,0.006
209,144,Sri Lanka,LK,LKA,7.873054,80.771797,21413249,58,341,62710,2.2,34,0.18,0.0027
210,729,Sudan (the),SD,SDN,12.862807,30.217636,43849260,34,25,1765048,4.4,20,0.35,0.0056
211,740,Suriname,SR,SUR,3.919305,-56.027783,586632,171,4,156000,2.4,29,0.65,0.0001
212,744,Svalbard and Jan Mayen,SJ,SJM,77.553604,23.6702719,,,,,,,,
213,752,Sweden,SE,SWE,60.128161,18.643501,10099265,91,25,410340,1.9,41,0.88,0.0013
214,756,Switzerland,CH,CHE,46.818188,8.227512,8654622,101,219,39516,1.5,43,0.74,0.0011
215,760,Syrian Arab Republic,SY,SYR,34.802075,38.996815,17500658,68,95,183630,2.8,26,0.6,0.0022
216,158,Taiwan (Province of China),TW,TWN,22.6158015,120.7120023,23816775,57,673,35410,1.2,42,0.79,0.0031
217,762,Tajikistan,TJ,TJK,38.861034,71.276093,9537645,95,68,139960,3.6,22,0.27,0.0012
218,834,"Tanzania, United Republic of",TZ,TZA,-6.369028,34.888822,59734218,24,67,885800,4.9,18,0.37,0.0077
219,764,Thailand,TH,THA,15.870032,100.992541,69799978,20,137,510890,1.5,40,0.51,0.009
220,626,Timor-Leste,TL,TLS,-8.874217,125.727539,1318445,156,89,14870,4.1,21,0.33,0.0002
221,768,Togo,TG,TGO,8.619543,0.824782,8278724,102,152,54390,4.4,19,0.43,0.0011
222,772,Tokelau,TK,TKL,-9.2002,-171.8484,1357,234,136,10,,,0,0
223,776,Tonga,TO,TON,-21.178986,-175.198242,105695,198,147,720,3.6,22,0.24,0
224,780,Trinidad and Tobago,TT,TTO,10.691803,-61.222503,1399488,154,273,5130,1.7,36,0.52,0.0002
225,788,Tunisia,TN,TUN,33.886917,9.537499,11818619,79,76,155360,2.2,33,0.7,0.0015
226,792,Turkey,TR,TUR,38.963745,35.243322,84339067,17,110,769630,2.1,32,0.76,0.0108
227,795,Turkmenistan,TM,TKM,38.969719,59.556278,6031200,113,13,469930,2.8,27,0.53,0.0008
228,796,Turks and Caicos Islands (the),TC,TCA,21.694025,-71.797928,38717,215,41,950,,,0.89,0
229,798,Tuvalu,TV,TUV,-7.109535,177.64933,11792,225,393,30,,,0.62,0
230,800,Uganda,UG,UGA,1.373333,32.290275,45741007,31,229,199810,5,17,0.26,0.0059
231,804,Ukraine,UA,UKR,48.379433,31.1655799,43733762,35,75,579320,1.4,41,0.69,0.0056
232,784,United Arab Emirates (the),AE,ARE,23.424076,53.847818,9890402,93,118,83600,1.4,33,0.86,0.0013
233,826,United Kingdom of Great Britain and Northern Ireland (the),GB,GBR,55.378051,-3.435973,67886011,21,281,241930,1.8,40,0.83,0.0087
234,581,United States Minor Outlying Islands (the),UM,UMI,19.2823192,166.647047,,,,,,,,
235,840,United States of America (the),US,USA,37.09024,-95.712891,331002651,3,36,9147420,1.8,38,0.83,0.0425
236,858,Uruguay,UY,URY,-32.522779,-55.765835,3473730,134,20,175020,2,36,0.96,0.0004
237,860,Uzbekistan,UZ,UZB,41.377491,64.585262,33469203,42,79,425400,2.4,28,0.5,0.0043
238,548,Vanuatu,VU,VUT,-15.376706,166.959158,307145,181,25,12190,3.8,21,0.24,0
239,862,Venezuela (Bolivarian Republic of),VE,VEN,6.42375,-66.58973,28435940,50,32,882050,2.3,30,,0.0036
240,704,Viet Nam,VN,VNM,14.058324,108.277199,97338579,15,314,310070,2.1,32,0.38,0.0125
241,92,Virgin Islands (British),VG,VGB,18.420695,-64.639968,,,,,,,,
242,850,Virgin Islands (U.S.),VI,VIR,18.335765,-64.896335,97338579,199,298,350,2,43,0.96,0
243,876,Wallis and Futuna,WF,WLF,-14.2938,-178.1165,11239,226,80,140,,,0,0
244,732,Western Sahara,EH,ESH,24.215527,-12.885834,597339,170,2,266000,2.4,28,0.87,0.0001
245,887,Yemen,YE,YEM,15.552727,48.516388,29825964,48,56,527970,3.8,20,0.38,0.0038
246,894,Zambia,ZM,ZMB,-13.133897,27.849332,18383955,65,25,743390,4.7,18,0.45,0.0024
247,716,Zimbabwe,ZW,ZWE,-19.015438,29.154857,14862924,74,38,386850,3.6,19,0.38,0.0019
248,248,Ã…land Islands,AX,ALA,60.1785247,19.9156105,,,,,,,,
249,10000,Cruise Ship,,,38.9193108,-94.70189,,,,,,,,
250,10001,Kosovo,XK,XKX,42.6026359,20.902977,1810463,,,10887,,,,
251,10002,Channel Islands,,,49.372284,-2.364351,170499,,,118,,,,
